[
  {
    "customerId": "01H5913KBE4B8X1RPYZPC2M3QM",
    "amount": 179.0,
    "purchaseTimestamp": "2023-06-27T02:03:09Z"
  },
  {
    "customerId": "01H5913KBFH14DTF875CA6G6Y0",
    "amount": 103.0,
    "purchaseTimestamp": "2023-07-10T22:36:58Z"
  },
  {
    "customerId": "01H5913KBGH25YQSNEFWCGFXW3",
    "amount": 4.0,
    "purchaseTimestamp": "2023-06-29T04:16:39Z"
  },
  {
    "customerId": "01H5913KBE4B8X1RPYZPC2M3QM",
    "amount": 195.0,
    "purchaseTimestamp": "2023-07-11T12:41:05Z"
  },
  {
    "customerId": "01H5913KBFH14DTF875CA6G6Y0",
    "amount": 6.0,
    "purchaseTimestamp": "2023-06-02T23:59:32Z"
  },
  {
    "customerId": "01H5913KBGH25YQSNEFWCGFXW3",
    "amount": 9.0,
    "purchaseTimestamp": "2023-08-04T22:50:38Z"
  },
  {
    "customerId": "01H5913KBGH25YQSNEFWCGFXW3",
    "amount": 139.0,
    "purchaseTimestamp": "2023-06-14T17:48:45Z"
  },
  {
    "customerId": "01H5913KBE4B8X1RPYZPC2M3QM",
    "amount": 76.0,
    "purchaseTimestamp": "2023-08-29T20:21:20Z"
  },
  {
    "customerId": "01H5913KBGW3TDCVMJGE63C9GR",
    "amount": 47.0,
    "purchaseTimestamp": "2023-07-27T08:06:58Z"
  },
  {
    "customerId": "01H5913KBFZXTDERDHBD5RR8P0",
    "amount": 83.0,
    "purchaseTimestamp": "2023-08-05T23:13:43Z"
  },
  {
    "customerId": "01H5913KBGH25YQSNEFWCGFXW3",
    "amount": 4.0,
    "purchaseTimestamp": "2023-08-19T22:15:01Z"
  },
  {
    "customerId": "01H5913KBE4B8X1RPYZPC2M3QM",
    "amount": 92.0,
    "purchaseTimestamp": "2023-06-16T19:51:38Z"
  },
  {
    "customerId": "01H5913KBE4B8X1RPYZPC2M3QM",
    "amount": 189.0,
    "purchaseTimestamp": "2023-08-08T07:14:33Z"
  },
  {
    "customerId": "01H5913KBFZXTDERDHBD5RR8P0",
    "amount": 141.0,
    "purchaseTimestamp": "2023-08-27T21:59:50Z"
  },
  {
    "customerId": "01H5913KBGH25YQSNEFWCGFXW3",
    "amount": 159.0,
    "purchaseTimestamp": "2023-06-11T17:20:57Z"
  },
  {
    "customerId": "01H5913KBGW3TDCVMJGE63C9GR",
    "amount": 49.0,
    "purchaseTimestamp": "2023-08-20T19:42:51Z"
  },
  {
    "customerId": "01H5913KBFZXTDERDHBD5RR8P0",
    "amount": 10.0,
    "purchaseTimestamp": "2023-08-11T13:13:23Z"
  },
  {
    "customerId": "01H5913KBGW3TDCVMJGE63C9GR",
    "amount": 171.0,
    "purchaseTimestamp": "2023-06-02T08:53:09Z"
  },
  {
    "customerId": "01H5913KBGH25YQSNEFWCGFXW3",
    "amount": 152.0,
    "purchaseTimestamp": "2023-06-23T15:09:41Z"
  },
  {
    "customerId": "01H5913KBE4B8X1RPYZPC2M3QM",
    "amount": 188.0,
    "purchaseTimestamp": "2023-07-12T23:05:00Z"
  },
  {
    "customerId": "01H5913KBFH14DTF875CA6G6Y0",
    "amount": 54.0,
    "purchaseTimestamp": "2023-06-01T11:58:35Z"
  },
  {
    "customerId": "01H5913KBGH25YQSNEFWCGFXW3",
    "amount": 50.0,
    "purchaseTimestamp": "2023-06-06T17:25:02Z"
  },
  {
    "customerId": "01H5913KBFH14DTF875CA6G6Y0",
    "amount": 107.0,
    "purchaseTimestamp": "2023-06-13T19:48:32Z"
  },
  {
    "customerId": "01H5913KBGW3TDCVMJGE63C9GR",
    "amount": 168.0,
    "purchaseTimestamp": "2023-07-10T03:04:16Z"
  },
  {
    "customerId": "01H5913KBFZXTDERDHBD5RR8P0",
    "amount": 32.0,
    "purchaseTimestamp": "2023-08-08T14:53:50Z"
  }
]